-- Llenando con valores ficticios
INSERT INTO RAPID_JACKETS.CATEGORIA (NOMBRE, DESCRIPCION, CATEGORIA_ID_CATEGORIA) VALUES
('CATEGORIA POR DEFECTO','ES LA CATEGORIA PADRE PARA CATEGORIAS INDEPENDIENTES (Por favor, nunca la elimine ni la desactive)',1),
('UNIFORMES PARA APRENDICES SENA','UNIFORMES EN GENERAL',1),
('UNIFORMES PARA INSTRUCTORES SENA','UNIFORMES EN GENERAL',1),
('UNIFORMES PARA ESTUDIANTES DE COLEGIO','UNIFORMES EN GENERAL',1),
('CHAQUETAS','CHAQUETAS CON TODAS SUS VARIACIONES PARA APRENDICES',2),
('OVEROLES DE TODOS MATERIALES','PARA APRENDICES DEL CEET',2),
('UNIFORMES FORMALES','TRAJES FORMALES PARA HOMBRE Y MUJER',2),
('SUDADERAS PARA DEPPORTES SENA','PARA APRENDICES QUE VIVEN SU VIDA AL LIMITE',2),
('BATAS DE EDUCACION','PARA INSTRUCTORES DEL SENA EN TODAS LAS ESPECIALIDADES',3),
('ELEMENTOS DE PROTECCION','PARA LOS APRENDICES DE CARRERAS PELIGROSAS',2),
('SUDADERAS DAMA Y CABALLERO','PARA ESTUDIANTES DE COLEGIOS PRIVADOS O PUBLICOS',4),
('UNIFORMES DE DIARIO','PARA ESTUDIANTES DE COLEGIO PUBLICO',4);

INSERT INTO RAPID_JACKETS.CATALOGO (NOMBRE, DESCRIPCION) VALUES
('PRODUCTOS PRINCIPALES DE CREACIONES JULIETH','PRODUCTOS PRINCIPALES DE CREACIONES JULIETH. Lo que vendemos. No es mucho porque somos una microempresa'),
('APRENDICES SENA','PARA LOS QEU ESTAN A LA MODA'),
('INSTRUCTORES SENA','PARA QUE BROMINATOR LOS LIQUIDE'),
('PRENDAS PARA BOTAR','PARA LOS DESAMPARADOS QUE NO TIENE QUE PONERSE'),
('ROPA USADA','PARA LOS QUE NO LES DA ASCO LAS PULGAS'),
('ROPA DONADA','ESPECIAL PARA GENTE DE FUNDACIONES SIN FONDOS'),
('ROPA FINA','PARA PERSONAS PODRIDAS EN PLATA'),
('ROPA CARISIMA','UNICA EN LA TIERRA PORQUE LA TRAJO DEL FUTURO UN VIAJERO DEL TIEMPO'),
('PRODUCTOS DE DESECHO','YA SABEN, LOS QUE SALEN DEL LUGAR DONDE JAMÁS LLEGA EL SOL'),
('PRODUCTOS MENOS VENDIDOS','PARA LOS QUE ESTAR A LA MODA LES IMPORTA UN PEPINO');

INSERT INTO RAPID_JACKETS.PRODUCTO (ID_PRODUCTO, CATEGORIA_ID_CATEGORIA, CATALOGO_ID_CATALOGO, NOMBRE, PRECIO, CANTIDAD, DESCRIPCION, FOTO) VALUES
('pro0000001',5,1,'CHAQUETA PARA APRENDICES ADSI',45000,10,'CHAQUETA CHALECO PARA LOS PROGRAMADORES','../uploads/productos_img/pro001.jpg'),
('pro0000002',9,1,'OVEROL DE MECIDYCE',50000,20,'OVEROL AZUL CON LOGOS DEL CEET Y DEL SENA','../uploads/productos_img/pro002.png'),
('pro0000003',7,1,'OVEROL DE METALMECANICA',45000,15,'OVEROL AMARILLO QUEMADO CON LOGOS DEL CEET Y DEL SENA','../uploads/productos_img/pro003.png'),
('pro0000004',6,1,'OVEROL DE ELECTRICIDAD',35000,22,'OVEROL CAFÉ CON LOGOS DEL CEET Y DEL SENA','../uploads/productos_img/pro004.png'),
('pro0000005',8,1,'OVEROL DE MANTENIEMIENTO DE COMPUTO',48000,36,'OVEROL AZUL OSCURO CON LOGOS DEL CEET Y DEL SENA','../uploads/productos_img/pro005.png'),
('pro0000006',9,1,'BOTAS DIELECTRICAS',39000,17,'BOTAS GRUESAS DE CAUCHO Y CUERO SUPREMENTE AISLLANTES','../uploads/productos_img/pro006.jpg'),
('pro0000007',7,1,'CASCO DE SEGURIDAD PLÁSTICO',10000,62,'CASCO BLANCO, AMARILLO O GRIS PARA TRABAJOS PELIGROSOS COMO HACER LA TAREA DE PROMOVER','../uploads/productos_img/pro007.png'),
('pro0000008',7,1,'GAFAS DE SEGURIDAD PLÁSTICAS',12000,85,'CUBREN EL 30% DEL ROSTRO Y PROTEGEN CONTRA DATOS DE MEDICION INCORRECTOS. NO SON APTAS PARA VER EN 3D','../uploads/productos_img/pro008.jpg'),
('pro0000009',7,1,'GUANTES AISLANTES',5000,10,'PARA QUE LAS MANOS NO SE LE CONGELEN A LOS APRENDICES Y NO SE MUERAN DE UNA DESCARGA ELECTRICA. EN ALGUNOS CASOS PUEDEN SUSTITUIR AL PAPEL HIGIENICO','../uploads/productos_img/pro009.jpg'),
('pro0000010',7,1,'MASCARA DE GAS ANTIRADIACION',90000,28,'PARA LOS APRENDICES QUE AMAN HACER ACTOS DE TERRORISMO Y VANDALISMO; NO PUEDEN SALIR SIN ALGO QUE LE PROTEGA DEL GAS LACRIMOGENO','../uploads/productos_img/pro010.png'),
('pro0000011',7,1,'CAMISA LARGA',12365,28,'PARA LOS APRENDICES QUE AMAN HACER ACTOS DE TERRORISMO Y VANDALISMO; NO PUEDEN SALIR SIN ALGO QUE LE PROTEGA DEL GAS LACRIMOGENO','../uploads/productos_img/pro011.png'),
('pro0000012',7,1,'CAMISAS PUNTO BLANCO ',20500,28,'PARA LOS APRENDICES QUE AMAN HACER ACTOS DE TERRORISMO Y VANDALISMO; NO PUEDEN SALIR SIN ALGO QUE LE PROTEGA DEL GAS LACRIMOGENO','../uploads/productos_img/pro012.png'),
('pro0000013',5,1,'TENNIS ADIDAS',30800,28,'PARA LOS APRENDICES QUE AMAN HACER ACTOS DE TERRORISMO Y VANDALISMO; NO PUEDEN SALIR SIN ALGO QUE LE PROTEGA DEL GAS LACRIMOGENO','../uploads/productos_img/pro013.png'),
('pro0000014',5,1,'CHAQUETA NIKE',400005,28,'PARA LOS APRENDICES QUE AMAN HACER ACTOS DE TERRORISMO Y VANDALISMO; NO PUEDEN SALIR SIN ALGO QUE LE PROTEGA DEL GAS LACRIMOGENO','../uploads/productos_img/pro014.png'),
('pro0000015',6,1,'LEGIS AZUQUITAS',65656,28,'PARA LOS APRENDICES QUE AMAN HACER ACTOS DE TERRORISMO Y VANDALISMO; NO PUEDEN SALIR SIN ALGO QUE LE PROTEGA DEL GAS LACRIMOGENO','../uploads/productos_img/pro015.png'),
('pro0000016',8,1,'BRASIERES LEONISA',8787,28,'PARA LOS APRENDICES QUE AMAN HACER ACTOS DE TERRORISMO Y VANDALISMO; NO PUEDEN SALIR SIN ALGO QUE LE PROTEGA DEL GAS LACRIMOGENO','../uploads/productos_img/pro016.jpg'),
('pro0000017',7,1,'VESTIDO MUERTO',65950,28,'PARA LOS APRENDICES QUE AMAN HACER ACTOS DE TERRORISMO Y VANDALISMO; NO PUEDEN SALIR SIN ALGO QUE LE PROTEGA DEL GAS LACRIMOGENO','../uploads/productos_img/pro017.png'),
('pro0000018',6,1,'ZANDALIAS AZALEIYA',12000,28,'PARA LOS APRENDICES QUE AMAN HACER ACTOS DE TERRORISMO Y VANDALISMO; NO PUEDEN SALIR SIN ALGO QUE LE PROTEGA DEL GAS LACRIMOGENO','../uploads/productos_img/pro018.png'),
('pro0000019',10,1,'CARTERAS FEAS',13000,28,'PARA LOS APRENDICES QUE AMAN HACER ACTOS DE TERRORISMO Y VANDALISMO; NO PUEDEN SALIR SIN ALGO QUE LE PROTEGA DEL GAS LACRIMOGENO','../uploads/productos_img/pro019.jpg'),
('pro0000020',11,1,'BILLETERAS CANONO',18000,28,'PARA LOS APRENDICES QUE AMAN HACER ACTOS DE TERRORISMO Y VANDALISMO; NO PUEDEN SALIR SIN ALGO QUE LE PROTEGA DEL GAS LACRIMOGENO','../uploads/productos_img/pro020.png'),
('pro0000021',12,1,'MEDIAS VELADAS SEDA FRIA',205000,28,'PARA LOS APRENDICES QUE AMAN HACER ACTOS DE TERRORISMO Y VANDALISMO; NO PUEDEN SALIR SIN ALGO QUE LE PROTEGA DEL GAS LACRIMOGENO','../uploads/productos_img/pro021.png'),
('pro0000022',10,1,'MEDIAS VELADAS RICHI',30000,28,'PARA LOS APRENDICES QUE AMAN HACER ACTOS DE TERRORISMO Y VANDALISMO; NO PUEDEN SALIR SIN ALGO QUE LE PROTEGA DEL GAS LACRIMOGENO','SIN_ASIGNAR'),
('pro0000023',11,1,'MEDIAS CON PECUECA',78900,28,'PARA LOS APRENDICES QUE AMAN HACER ACTOS DE TERRORISMO Y VANDALISMO; NO PUEDEN SALIR SIN ALGO QUE LE PROTEGA DEL GAS LACRIMOGENO','SIN_ASIGNAR'),
('pro0000024',12,1,'BILLETERAS TOTTO',11100,28,'PARA LOS APRENDICES QUE AMAN HACER ACTOS DE TERRORISMO Y VANDALISMO; NO PUEDEN SALIR SIN ALGO QUE LE PROTEGA DEL GAS LACRIMOGENO','SIN_ASIGNAR'),
('pro0000025',10,1,'CHALECO ANTIBALAS',11200,28,'PARA LOS APRENDICES QUE AMAN HACER ACTOS DE TERRORISMO Y VANDALISMO; NO PUEDEN SALIR SIN ALGO QUE LE PROTEGA DEL GAS LACRIMOGENO','SIN_ASIGNAR'),
('pro0000026',11,1,'CHALECO CON MANGAS',11600,28,'PARA LOS APRENDICES QUE AMAN HACER ACTOS DE TERRORISMO Y VANDALISMO; NO PUEDEN SALIR SIN ALGO QUE LE PROTEGA DEL GAS LACRIMOGENO','SIN_ASIGNAR'),
('pro0000027',12,1,'CAMISETA SIN MANGAS',11750,28,'PARA LOS APRENDICES QUE AMAN HACER ACTOS DE TERRORISMO Y VANDALISMO; NO PUEDEN SALIR SIN ALGO QUE LE PROTEGA DEL GAS LACRIMOGENO','SIN_ASIGNAR'),
('pro0000028',6,1,'PANTALON AJUSTADO',11000,28,'PARA LOS APRENDICES QUE AMAN HACER ACTOS DE TERRORISMO Y VANDALISMO; NO PUEDEN SALIR SIN ALGO QUE LE PROTEGA DEL GAS LACRIMOGENO','SIN_ASIGNAR'),
('pro0000029',7,1,'CHAQUETA CHALECO PARA TPS SENA',11000,28,'PARA LOS APRENDICES QUE AMAN HACER ACTOS DE TERRORISMO Y VANDALISMO; NO PUEDEN SALIR SIN ALGO QUE LE PROTEGA DEL GAS LACRIMOGENO','SIN_ASIGNAR'),
('pro0000030',8,1,'CHAQUETA CHALECO PARA TPS SENA adictos al crack',235000,28,'PARA LOS APRENDICES QUE AMAN HACER ACTOS DE TERRORISMO Y VANDALISMO; NO PUEDEN SALIR SIN ALGO QUE LE PROTEGA DEL GAS LACRIMOGENO','SIN_ASIGNAR');

INSERT INTO RAPID_JACKETS.INVENTARIO VALUES 
('INV#000001','pro0000001',NOW(),10,450000,'EL PROVEEDOR ME ROBO $1000'),
('INV#000002','pro0000001',NOW(),10,450000,'EL PROVEEDOR ME ROBO $1000'),
('INV#000003','pro0000002',NOW(),10,450000,'EL PROVEEDOR ME ROBO $1000'),
('INV#000004','pro0000002',NOW(),10,450000,'EL PROVEEDOR ME ROBO $1000'),
('INV#000005','pro0000003',NOW(),10,450000,'EL PROVEEDOR ME ROBO $1000'),
('INV#000006','pro0000003',NOW(),10,450000,'EL PROVEEDOR ME ROBO $1000'),
('INV#000007','pro0000004',NOW(),10,450000,'EL PROVEEDOR ME ROBO $1000'),
('INV#000008','pro0000004',NOW(),10,450000,'EL PROVEEDOR ME ROBO $1000'),
('INV#000009','pro0000005',NOW(),10,450000,'EL PROVEEDOR ME ROBO $1000'),
('INV#000010','pro0000005',NOW(),10,450000,'EL PROVEEDOR ME ROBO $1000'),
('INV#000011','pro0000006',NOW(),10,450000,'EL PROVEEDOR ME ROBO $1000'),
('INV#000012','pro0000006',NOW(),10,450000,'EL PROVEEDOR ME ROBO $1000'),
('INV#000013','pro0000007',NOW(),10,450000,'EL PROVEEDOR ME ROBO $1000'),
('INV#000014','pro0000007',NOW(),10,450000,'EL PROVEEDOR ME ROBO $1000'),
('INV#000015','pro0000008',NOW(),10,450000,'EL PROVEEDOR ME ROBO $1000'),
('INV#000016','pro0000008',NOW(),10,450000,'EL PROVEEDOR ME ROBO $1000'),
('INV#000017','pro0000009',NOW(),10,450000,'EL PROVEEDOR ME ROBO $1000'),
('INV#000018','pro0000009',NOW(),10,450000,'EL PROVEEDOR ME ROBO $1000'),
('INV#000019','pro0000010',NOW(),10,450000,'EL PROVEEDOR ME ROBO $1000'),
('INV#000020','pro0000010',NOW(),10,450000,'EL PROVEEDOR ME ROBO $1000');

INSERT INTO RAPID_JACKETS.USUARIO (ID_USUARIO, CONTRASENA, EMAIL) VALUES
('USUARIO_COMEMOCOS','estepassword_nadie_l0_548E','JFGOMEZ9095@M1IaSENA.EDU.CO'),
('USUARIO_SENA','estepassword_nadie_l0_548E','JFGOMEZ9095@MISaENA.2EDU.CO'),
('USUARIO_CEET','estepassword_nadie_l0_548E','JFGOMEZ9095@MISEaNA.EDU.5CO'),
('USUARIO_APRENDIZ','estepassword_nadie_l0_548E','JFGOMEZ9095@MISEN5A.EDU.CO'),
('USUARIO_SANCION','estepassword_nadie_l0_548E','JFGOMEZ9095@M5ISENA.EDU.CO'),
('USUARIO_COMITE_ACADEMICO','estepassword_nadie_l0_548E','JF5GOaMEZ9095@MISENA.EDU.CO'),
('USUARIO_PLAN_MEJORAMIENTO','estepassword_nadie_l0_548E','JFGOMEaZ9095@MISENA.EDU.CO'),
('USUARIO_NO_APROVADO','estepassword_nadie_l0_548E','JFGOMEZ92095@MISENA.EDU.CO'),
('USUARIO_APROVADO','estepassword_nadie_l0_548E','JFGOaMEZ9095@MI7SENA.EDU.CO'),
('USUARIO_EXPULSADO','estepassword_nadie_l0_548E','aJFGOMEZ9095@MI88SENA.EDU.CO'),
('USUARIO_EN_CONDICIONAMIETO_DE_MATRICULA','estepassword_nadie_l0_54866E','JFGOMaaEZ9095@MISENA.EDU.CO'),
('USUARIO_SINPROMOVER','estepassword_nadie_l0_548E','JFaGOMEZ9095@MISENA.EDU.CO'),
('USUARIO_COMPRATODO','estepassword_nadie_l0_548E','JFGOMaEZ9095@MISEN66A.EDU.CO'),
('USUARIO_SUPER_POBRE','estepassword_nadie_l0_548E','JFGOMEZ9095@MISE666NA.EDU.CO'),
('USUARIO_MOJADO','estepassword_nadie_l0_548E','JFGOMEZ6669095@MISENA.EDU.CO'),
('USUARIO_DESCUARTIZADO','estepassword_nadie_l0_548E','JFGOMEZ69095@MISENA.EDU.CO'),
('USUARIO_SIN_ANIMO_DE_LUCRO','estepassword_nadie_l0_548E','JFGOM66666EZ9095@MISENA.EDU.CO'),
('USUARIO_RESULTADO','estepassword_nadie_l0_548E','JFGOMEZ9095@MISENA777.EDU.CO'),
('USUARIO_ASESINADO','estepassword_nadie_l0_548E','JFGOMEZ978095@MISENA.EDU.CO'),
('USUARIO_AMATEUR','estepassword_nadie_l0_548E','JFGOMEZ9095@M6696ISENA.EDU.CO'),
('josue.gomez','turbo456456','JFGOMEZ9095@MISENA.ED99696U.CO');

INSERT INTO RAPID_JACKETS.USUARIO VALUES
('jfgomez9095','$2y$10$BbPxUPQy9PrYgMf0L9E3W.r9zbWrhUx9SX4HZQtlmNjIf8jX1hgra', 'MANAGER', 'ENABLED', 'aviondejosue12@gmail.com'),
('Issei_XD12345','$2y$10$.5KQ/xrTprQaMSVoJ/DCheMYlfUlCZz4UkGpoWyMmW9bw6gt3bdNu', 'MANAGER', 'ENABLED', 'asgarcia20@misena.edu.co'),
('nairo_quintana1200','$2y$10$BbPxUPQy9PrYgMf0L9E3W.r9zbWrhUx9SX4HZQtlmNjIf8jX1hgra', 'SUB_MANAGER', 'ENABLED', 'jfgomez9095@gmail.com'),
('nairo_quintana1500','$2y$10$BbPxUPQy9PrYgMf0L9E3W.r9zbWrhUx9SX4HZQtlmNjIf8jX1hgra', 'USER', 'ENABLED', 'medio_ambiente@gmail.com'),
('efalaguna123','$2y$10$BbPxUPQy9PrYgMf0L9E3W.r9zbWrhUx9SX4HZQtlmNjIf8jX1hgra', 'MANAGER', 'ENABLED', 'efalaguna@misena.edu.co');


INSERT INTO RAPID_JACKETS.CUENTA VALUES
('CC','102630098399','USUARIO_COMEMOCOS','PRIMER NOMBRE','SEGUNDO NOMBRE','PRIMER APELLIDO','SEGUNDO APELLIDO','0123456789'),
('CC','102630098000','USUARIO_SENA','PRIMER NOMBRE','SEGUNDO NOMBRE','PRIMER APELLIDO','SEGUNDO APELLIDO','0123456789'),
('CC','102630098001','USUARIO_CEET','PRIMER NOMBRE','SEGUNDO NOMBRE','PRIMER APELLIDO','SEGUNDO APELLIDO','0123456789'),
('CC','102630098002','USUARIO_APRENDIZ','PRIMER NOMBRE','SEGUNDO NOMBRE','PRIMER APELLIDO','SEGUNDO APELLIDO','0123456789'),
('CC','102630098003','USUARIO_SANCION','PRIMER NOMBRE','SEGUNDO NOMBRE','PRIMER APELLIDO','SEGUNDO APELLIDO','0123456789'),
('CC','102630098004','USUARIO_COMITE_ACADEMICO','PRIMER NOMBRE','SEGUNDO NOMBRE','PRIMER APELLIDO','SEGUNDO APELLIDO','0123456789'),
('CC','102630098005','USUARIO_PLAN_MEJORAMIENTO','PRIMER NOMBRE','SEGUNDO NOMBRE','PRIMER APELLIDO','SEGUNDO APELLIDO','0123456789'),
('CC','102630098006','USUARIO_NO_APROVADO','PRIMER NOMBRE','SEGUNDO NOMBRE','PRIMER APELLIDO','SEGUNDO APELLIDO','0123456789'),
('CC','102630098007','USUARIO_EXPULSADO','PRIMER NOMBRE','SEGUNDO NOMBRE','PRIMER APELLIDO','SEGUNDO APELLIDO','0123456789'),
('CC','102630098008','USUARIO_EN_CONDICIONAMIETO_DE_MATRICULA','PRIMER NOMBRE','SEGUNDO NOMBRE','PRIMER APELLIDO','SEGUNDO APELLIDO','0123456789'),
('CC','102630098009','USUARIO_SINPROMOVER','PRIMER NOMBRE','SEGUNDO NOMBRE','PRIMER APELLIDO','SEGUNDO APELLIDO','0123456789'),
('CC','102630098010','USUARIO_COMPRATODO','PRIMER NOMBRE','SEGUNDO NOMBRE','PRIMER APELLIDO','SEGUNDO APELLIDO','0123456789'),
('CC','102630098011','USUARIO_SUPER_POBRE','PRIMER NOMBRE','SEGUNDO NOMBRE','PRIMER APELLIDO','SEGUNDO APELLIDO','0123456789'),
('CC','102630098012','USUARIO_MOJADO','PRIMER NOMBRE','SEGUNDO NOMBRE','PRIMER APELLIDO','SEGUNDO APELLIDO','0123456789'),
('CC','102630098013','USUARIO_DESCUARTIZADO','PRIMER NOMBRE','SEGUNDO NOMBRE','PRIMER APELLIDO','SEGUNDO APELLIDO','0123456789'),
('CC','102630098014','USUARIO_SIN_ANIMO_DE_LUCRO','PRIMER NOMBRE','SEGUNDO NOMBRE','PRIMER APELLIDO','SEGUNDO APELLIDO','0123456789'),
('CC','102630098015','USUARIO_RESULTADO','PRIMER NOMBRE','SEGUNDO NOMBRE','PRIMER APELLIDO','SEGUNDO APELLIDO','0123456789'),
('CC','102630098016','USUARIO_ASESINADO','PRIMER NOMBRE','SEGUNDO NOMBRE','PRIMER APELLIDO','SEGUNDO APELLIDO','0123456789'),
('CC','102630098017','USUARIO_AMATEUR','PRIMER NOMBRE','SEGUNDO NOMBRE','PRIMER APELLIDO','SEGUNDO APELLIDO','0123456789'),
('CC','102630098018','USUARIO_AMATEUR','PRIMER NOMBRE','SEGUNDO NOMBRE','PRIMER APELLIDO','SEGUNDO APELLIDO','0123456789'),
('CC','1026300983','jfgomez9095','Josue','Francisco','Gomez','Bernal','3203091723'),
('CC','1031178392','Issei_XD12345','Issei','Yuuto','Hyoudou','Kiba','3204483107'),
('CC','6546516574','efalaguna123','Elkin','Fernando','Alaguna','Gutierrez','3204483107');

INSERT INTO RAPID_JACKETS.DOMICILIO_CUENTA (CUENTA_TIPO_DOCUMENTO, CUENTA_NUM_DOCUMENTO, DIRECCION, BARRIO, TELEFONO) VALUES
('CC','102630098399','CALLE 74F SUR # QUE TE IMPORTA HP!!','LA FLORA MI PEZ','5555555RRIENTE'),
('CC','102630098000','CALLE 74F SUR # QUE TE IMPORTA HP!!','LA FLORA MI PEZ','5555555RRIENTE'),
('CC','102630098001','CALLE 74F SUR # QUE TE IMPORTA HP!!','LA FLORA MI PEZ','5555555RRIENTE'),
('CC','102630098002','CALLE 74F SUR # QUE TE IMPORTA HP!!','LA FLORA MI PEZ','5555555RRIENTE'),
('CC','102630098003','CALLE 74F SUR # QUE TE IMPORTA HP!!','LA FLORA MI PEZ','5555555RRIENTE'),
('CC','102630098004','CALLE 74F SUR # QUE TE IMPORTA HP!!','LA FLORA MI PEZ','5555555RRIENTE'),
('CC','102630098005','CALLE 74F SUR # QUE TE IMPORTA HP!!','LA FLORA MI PEZ','5555555RRIENTE'),
('CC','102630098006','CALLE 74F SUR # QUE TE IMPORTA HP!!','LA FLORA MI PEZ','5555555RRIENTE'),
('CC','102630098007','CALLE 74F SUR # QUE TE IMPORTA HP!!','LA FLORA MI PEZ','5555555RRIENTE'),
('CC','102630098008','CALLE 74F SUR # QUE TE IMPORTA HP!!','LA FLORA MI PEZ','5555555RRIENTE'),
('CC','102630098009','CALLE 74F SUR # QUE TE IMPORTA HP!!','LA FLORA MI PEZ','5555555RRIENTE'),
('CC','102630098010','CALLE 74F SUR # QUE TE IMPORTA HP!!','LA FLORA MI PEZ','5555555RRIENTE'),
('CC','102630098011','CALLE 74F SUR # QUE TE IMPORTA HP!!','LA FLORA MI PEZ','5555555RRIENTE'),
('CC','102630098012','CALLE 74F SUR # QUE TE IMPORTA HP!!','LA FLORA MI PEZ','5555555RRIENTE'),
('CC','102630098013','CALLE 74F SUR # QUE TE IMPORTA HP!!','LA FLORA MI PEZ','5555555RRIENTE'),
('CC','102630098014','CALLE 74F SUR # QUE TE IMPORTA HP!!','LA FLORA MI PEZ','5555555RRIENTE'),
('CC','102630098015','CALLE 74F SUR # QUE TE IMPORTA HP!!','LA FLORA MI PEZ','5555555RRIENTE'),
('CC','102630098016','CALLE 74F SUR # QUE TE IMPORTA HP!!','LA FLORA MI PEZ','5555555RRIENTE'),
('CC','102630098017','CALLE 74F SUR # QUE TE IMPORTA HP!!','LA FLORA MI PEZ','5555555RRIENTE'),
('CC','102630098018','CALLE 74F SUR # QUE TE IMPORTA HP!!','LA FLORA MI PEZ','5555555RRIENTE'); 

INSERT INTO RAPID_JACKETS.FACTURA (ID_FACTURA, CUENTA_TIPO_DOCUMENTO, CUENTA_NUM_DOCUMENTO, FECHA, OBSERVACIONES, SUBTOTAL, IMPUESTOS, TOTAL) VALUES
('F#00000001','CC','102630098000','2015-04-06 10:25:30','EL CLIENTE NO ES RESPETUOSO',10000,250,10250),
('F#00000002','CC','102630098001','2015-04-07 10:25:30','EL CLIENTE NO ES RESPETUOSO',10000,250,10250),
('F#00000003','CC','102630098002','2015-04-08 10:25:30','EL CLIENTE NO ES RESPETUOSO',10000,250,10250),
('F#00000004','CC','102630098003','2015-04-09 10:25:30','EL CLIENTE NO ES RESPETUOSO',10000,250,10250),
('F#00000005','CC','102630098004','2015-04-01 10:25:30','EL CLIENTE NO ES RESPETUOSO',10000,250,10250),
('F#00000006','CC','102630098005','2015-04-02 10:25:30','EL CLIENTE NO ES RESPETUOSO',10000,250,10250),
('F#00000007','CC','102630098006','2015-04-03 10:25:30','EL CLIENTE NO ES RESPETUOSO',10000,250,10250),
('F#00000008','CC','102630098007','2015-04-04 10:25:30','EL CLIENTE NO ES RESPETUOSO',10000,250,10250),
('F#00000009','CC','102630098008','2015-04-04 10:25:30','EL CLIENTE NO ES RESPETUOSO',10000,250,10250),
('F#00000010','CC','102630098009','2015-04-04 10:25:30','EL CLIENTE NO ES RESPETUOSO',10000,250,10250),
('F#00000011','CC','102630098010','2015-04-04 10:25:30','EL CLIENTE NO ES RESPETUOSO',10000,250,10250),
('F#00000012','CC','102630098011','2015-04-07 10:25:30','EL CLIENTE NO ES RESPETUOSO',10000,250,10250),
('F#00000013','CC','102630098012','2015-04-08 10:25:30','EL CLIENTE NO ES RESPETUOSO',10000,250,10250),
('F#00000014','CC','102630098013','2015-01-09 10:25:30','EL CLIENTE NO ES RESPETUOSO',10000,250,10250),
('F#00000015','CC','102630098014','2011-02-06 10:25:30','EL CLIENTE NO ES RESPETUOSO',10000,250,10250),
('F#00000016','CC','102630098015','2012-03-06 10:25:30','EL CLIENTE NO ES RESPETUOSO',10000,250,10250),
('F#00000017','CC','102630098016','2013-04-06 10:25:30','EL CLIENTE NO ES RESPETUOSO',10000,250,10250),
('F#00000018','CC','102630098017','2014-05-06 10:25:30','EL CLIENTE NO ES RESPETUOSO',10000,250,10250),
('F#00000019','CC','102630098018','2015-06-06 10:25:30','EL CLIENTE NO ES RESPETUOSO',10000,250,10250),
('F#00000020','CC','102630098001','2016-07-06 10:25:30','EL CLIENTE NO ES RESPETUOSO',10000,250,10250),
('F#00000021','CC','102630098002','2017-08-06 10:25:30','EL CLIENTE NO ES RESPETUOSO',10000,250,10250),
('F#00000022','CC','102630098003','2018-09-06 10:25:30','EL CLIENTE NO ES RESPETUOSO',10000,250,10250),
('F#00000023','CC','102630098004','2019-10-06 10:25:30','EL CLIENTE NO ES RESPETUOSO',10000,250,10250),
('F#00000024','CC','102630098005','2020-11-06 10:25:30','EL CLIENTE NO ES RESPETUOSO',10000,250,10250),
('F#00000025','CC','102630098006','2001-12-06 10:25:30','EL CLIENTE NO ES RESPETUOSO',10000,250,10250),
('F#00000026','CC','102630098007','2012-01-06 10:25:30','EL CLIENTE NO ES RESPETUOSO',10000,250,10250),
('F#00000027','CC','102630098008','2015-02-06 10:25:30','EL CLIENTE NO ES RESPETUOSO',10000,250,10250),
('F#00000028','CC','102630098009','2013-03-06 10:25:30','EL CLIENTE NO ES RESPETUOSO',10000,250,10250),
('F#00000029','CC','102630098010','2015-05-06 10:25:30','EL CLIENTE NO ES RESPETUOSO',10000,250,10250),
('F#00000030','CC','102630098001','2015-04-06 10:25:30','EL CLIENTE NO ES RESPETUOSO',10000,250,10250),
('F#00000031','CC','1026300983','2015-04-06 10:25:30','EL CLIENTE NO ES RESPETUOSO',10000,250,10250),
('F#00000032','CC','1026300983','2015-04-06 10:25:30','EL CLIENTE NO ES RESPETUOSO',10000,250,10250),
('F#00000033','CC','1026300983','2015-04-06 10:25:30','EL CLIENTE NO ES RESPETUOSO',10000,250,10250),
('F#00000034','CC','1026300983','2015-04-06 10:25:30','EL CLIENTE NO ES RESPETUOSO',10000,250,10250),
('F#00000035','CC','1026300983','2015-04-06 10:25:30','EL CLIENTE NO ES RESPETUOSO',10000,250,10250);

INSERT INTO RAPID_JACKETS.ITEM_FACTURA VALUES
('pro0000001','F#00000001',15,45000,(15*450000)),
('pro0000002','F#00000001',15,45000,(15*450000)),
('pro0000003','F#00000001',15,45000,(15*450000)),
('pro0000004','F#00000001',15,45000,(15*450000)),
('pro0000005','F#00000001',15,45000,(15*450000)),
('pro0000006','F#00000001',15,45000,(15*450000)),
('pro0000007','F#00000001',15,45000,(15*450000)),
('pro0000008','F#00000001',15,45000,(15*450000)),
('pro0000009','F#00000001',15,45000,(15*450000)),
('pro0000010','F#00000001',15,45000,(15*450000)),
('pro0000001','F#00000002',15,45000,(15*450000)),
('pro0000002','F#00000002',15,45000,(15*450000)),
('pro0000003','F#00000002',15,45000,(15*450000)),
('pro0000004','F#00000002',15,45000,(15*450000)),
('pro0000005','F#00000002',15,45000,(15*450000)),
('pro0000006','F#00000002',15,45000,(15*450000)),
('pro0000007','F#00000002',15,45000,(15*450000)),
('pro0000008','F#00000002',15,45000,(15*450000)),
('pro0000009','F#00000002',15,45000,(15*450000)),
('pro0000010','F#00000002',15,45000,(15*450000)),
('pro0000001','F#00000003',15,45000,(15*450000)),
('pro0000002','F#00000003',15,45000,(15*450000)),
('pro0000003','F#00000003',15,45000,(15*450000)),
('pro0000004','F#00000003',15,45000,(15*450000)),
('pro0000005','F#00000003',15,45000,(15*450000)),
('pro0000006','F#00000003',15,45000,(15*450000)),
('pro0000007','F#00000003',15,45000,(15*450000)),
('pro0000008','F#00000003',15,45000,(15*450000)),
('pro0000009','F#00000003',15,45000,(15*450000)),
('pro0000010','F#00000003',15,45000,(15*450000)),
('pro0000001','F#00000004',15,45000,(15*450000)),
('pro0000002','F#00000004',15,45000,(15*450000)),
('pro0000003','F#00000004',15,45000,(15*450000)),
('pro0000004','F#00000004',15,45000,(15*450000)),
('pro0000005','F#00000004',15,45000,(15*450000)),
('pro0000006','F#00000004',15,45000,(15*450000)),
('pro0000007','F#00000004',15,45000,(15*450000)),
('pro0000008','F#00000004',15,45000,(15*450000)),
('pro0000009','F#00000004',15,45000,(15*450000)),
('pro0000010','F#00000004',15,45000,(15*450000)),
('pro0000001','F#00000005',15,45000,(15*450000)),
('pro0000002','F#00000005',15,45000,(15*450000)),
('pro0000003','F#00000005',15,45000,(15*450000)),
('pro0000004','F#00000005',15,45000,(15*450000)),
('pro0000005','F#00000005',15,45000,(15*450000)),
('pro0000006','F#00000005',15,45000,(15*450000)),
('pro0000007','F#00000005',15,45000,(15*450000)),
('pro0000008','F#00000005',15,45000,(15*450000)),
('pro0000009','F#00000005',15,45000,(15*450000)),
('pro0000010','F#00000005',15,45000,(15*450000));

INSERT INTO RAPID_JACKETS.PAGO (FACTURA_ID_FACTURA, TIPO_PAGO, VALOR) VALUES
('F#00000001','EFECTIVO',151000),
('F#00000002','EFECTIVO',252000),
('F#00000003','EFECTIVO',353000),
('F#00000004','EFECTIVO',454000),
('F#00000005','EFECTIVO',555000),
('F#00000006','EFECTIVO',656000),
('F#00000007','EFECTIVO',757000),
('F#00000008','EFECTIVO',858000),
('F#00000009','EFECTIVO',959000),
('F#00000010','EFECTIVO',1014000),
('F#00000011','EFECTIVO',1124000),
('F#00000012','EFECTIVO',1234000),
('F#00000013','EFECTIVO',1344000),
('F#00000014','EFECTIVO',1454000),
('F#00000015','EFECTIVO',1564000),
('F#00000016','EFECTIVO',1674000),
('F#00000017','EFECTIVO',1784000),
('F#00000018','EFECTIVO',1894000),
('F#00000019','EFECTIVO',1964000),
('F#00000020','EFECTIVO',2004000);

INSERT INTO RAPID_JACKETS.PEDIDO_ENTREGA VALUES
('F#00000001','CC','102630098000','CALLE 74F SUR # ¡SE ME OLVIDO CARAJO!','2014-02-01 12:45:30',now(),'PEDIDO RETRASADO','EL PEDIDO FUE PROFANADO POR LA RELIGION MUSULMANA',360000,10000,370000),
('F#00000002','CC','102630098001','CALLE 74F SUR # ¡SE ME OLVIDO CARAJO!','2014-02-02 12:45:30',now(),'PEDIDO RETRASADO','EL PEDIDO FUE PROFANADO POR LA RELIGION MUSULMANA',360000,10000,370000),
('F#00000003','CC','102630098002','CALLE 74F SUR # ¡SE ME OLVIDO CARAJO!','2014-02-03 12:45:30',now(),'PEDIDO RETRASADO','EL PEDIDO FUE PROFANADO POR LA RELIGION MUSULMANA',360000,10000,370000),
('F#00000004','CC','102630098003','CALLE 74F SUR # ¡SE ME OLVIDO CARAJO!','2014-02-04 12:45:30',now(),'PEDIDO RETRASADO','EL PEDIDO FUE PROFANADO POR LA RELIGION MUSULMANA',360000,10000,370000),
('F#00000005','CC','102630098004','CALLE 74F SUR # ¡SE ME OLVIDO CARAJO!','2014-02-05 12:45:30',now(),'PEDIDO RETRASADO','EL PEDIDO FUE PROFANADO POR LA RELIGION MUSULMANA',360000,10000,370000),
('F#00000006','CC','102630098005','CALLE 74F SUR # ¡SE ME OLVIDO CARAJO!','2014-02-06 12:45:30',now(),'PEDIDO RETRASADO','EL PEDIDO FUE PROFANADO POR LA RELIGION MUSULMANA',360000,10000,370000),
('F#00000007','CC','102630098006','CALLE 74F SUR # ¡SE ME OLVIDO CARAJO!','2014-02-07 12:45:30',now(),'PEDIDO RETRASADO','EL PEDIDO FUE PROFANADO POR LA RELIGION MUSULMANA',360000,10000,370000),
('F#00000008','CC','102630098007','CALLE 74F SUR # ¡SE ME OLVIDO CARAJO!','2014-02-08 12:45:30',now(),'PEDIDO RETRASADO','EL PEDIDO FUE PROFANADO POR LA RELIGION MUSULMANA',360000,10000,370000),
('F#00000009','CC','102630098008','CALLE 74F SUR # ¡SE ME OLVIDO CARAJO!','2014-02-09 12:45:30',now(),'PEDIDO RETRASADO','EL PEDIDO FUE PROFANADO POR LA RELIGION MUSULMANA',360000,10000,370000),
('F#00000010','CC','102630098009','CALLE 74F SUR # ¡SE ME OLVIDO CARAJO!','2014-01-01 12:45:30',now(),'PEDIDO RETRASADO','EL PEDIDO FUE PROFANADO POR LA RELIGION MUSULMANA',360000,10000,370000),
('F#00000011','CC','102630098010','CALLE 74F SUR # ¡SE ME OLVIDO CARAJO!','2014-02-01 12:45:30',now(),'PEDIDO RETRASADO','EL PEDIDO FUE PROFANADO POR LA RELIGION MUSULMANA',360000,10000,370000),
('F#00000012','CC','102630098011','CALLE 74F SUR # ¡SE ME OLVIDO CARAJO!','2014-03-01 12:45:30',now(),'PEDIDO RETRASADO','EL PEDIDO FUE PROFANADO POR LA RELIGION MUSULMANA',360000,10000,370000),
('F#00000013','CC','102630098012','CALLE 74F SUR # ¡SE ME OLVIDO CARAJO!','2014-04-01 12:45:30',now(),'PEDIDO RETRASADO','EL PEDIDO FUE PROFANADO POR LA RELIGION MUSULMANA',360000,10000,370000),
('F#00000014','CC','102630098013','CALLE 74F SUR # ¡SE ME OLVIDO CARAJO!','2014-05-01 12:45:30',now(),'PEDIDO RETRASADO','EL PEDIDO FUE PROFANADO POR LA RELIGION MUSULMANA',360000,10000,370000),
('F#00000015','CC','102630098014','CALLE 74F SUR # ¡SE ME OLVIDO CARAJO!','2014-06-01 12:45:30',now(),'PEDIDO RETRASADO','EL PEDIDO FUE PROFANADO POR LA RELIGION MUSULMANA',360000,10000,370000),
('F#00000016','CC','102630098015','CALLE 74F SUR # ¡SE ME OLVIDO CARAJO!','2014-07-01 12:45:30',now(),'PEDIDO RETRASADO','EL PEDIDO FUE PROFANADO POR LA RELIGION MUSULMANA',360000,10000,370000),
('F#00000017','CC','102630098016','CALLE 74F SUR # ¡SE ME OLVIDO CARAJO!','2014-08-01 12:45:30',now(),'PEDIDO RETRASADO','EL PEDIDO FUE PROFANADO POR LA RELIGION MUSULMANA',360000,10000,370000),
('F#00000018','CC','102630098017','CALLE 74F SUR # ¡SE ME OLVIDO CARAJO!',now(),now(),'PEDIDO RETRASADO','EL PEDIDO FUE PROFANADO POR LA RELIGION MUSULMANA',360000,10000,370000),
('F#00000019','CC','102630098018','CALLE 74F SUR # ¡SE ME OLVIDO CARAJO!',now(),now(),'PEDIDO RETRASADO','EL PEDIDO FUE PROFANADO POR LA RELIGION MUSULMANA',360000,10000,370000),
('F#00000020','CC','102630098001','CALLE 74F SUR # ¡SE ME OLVIDO CARAJO!',now(),now(),'PEDIDO RETRASADO','EL PEDIDO FUE PROFANADO POR LA RELIGION MUSULMANA',360000,10000,370000);
